dlog.dmp_id,dlog.v3ex
32F2q_H6eMcCsZn,bac6f38fb9b32933a80211cfeba6ee0f
DPv6_5y1hyScgPH,221dbf1e97d14f3cf0dc7ff0a05d974e
EEKQzKL_nE_czEP,5e255ae7af7ff65a5c2266654d3b6a7f
GDTovRmQLfl_8mb,7627bcfd95be2c7caab63acdba47850c
GclgEo4zTDGdwaN,52e2532867adfc096cf29e0f36e2454f
SwkZu4mOgGz4Zmq,52e9cfa9f1c7ae13d08fcd083d70315c
27Qrb2T-E4jhtjK,9a79be539d62b98578e7f3fb6c2130ba
JCu4fkGx1blV17l,e2c49e46477f1a7ed15eb22a81531a4a
NsN3JjvV9ofm8Xl,a936c0e774a4f61e58728315ff48bdb4
bUsEl40XP93Sa9k,51cb2e03f3f42d0b3fe23035f4895169
h4ri3hG5ArXhYZA,f4d947df72380438534c0582d1b0a10f
kEzVPlnY5tSR78I,e7fca72d9e3fbd37314b06e1dc5fb013
kOheTu6yrMYShBq,e4fe4f9f425e2b2c401c9fe34e87574b
w9VNIVpyzalksh0,aab5f9718b757fe320d3f4022a9bb0d9
H13b5OoY9y2bp1c,5cdc724be89473e36b5939bce6e38691
JTQiUBDy3qb8COj,fc11c7e5375864e1e549f149d7e4e6c7
OHKoCLaw6gtE8bz,fe178f49cc5926793696082f0c71323e
UvAHpHuAfkGfEPU,e5de45424fc2b440fa24fa7e7f005243
XoWsPQNro2djcH8,c383046215c6389bc86ca4a462ac7cef
kLOirC87utzZ1ex,6d53b5bf3ce336ab616b957ecff8e9e4
pPbL70uJW3E-4nd,bec45220de86bd40f2ced4f42d0c5d7d
SnhRENOMLhCIuPl,17f2da52b457df272acdd7a55c8102de
iMTOdcGnUW0CQFZ,c3189735cd76b5efa3fb1ee1d3d1f240
rIscx5Qs1JRm_bl,19456217652682606547ef0135350f7f
sxj13RnmUKbrTR1,624efac53130a38c9df99e53ab7d8c9c
4bs9f7JdQ4JNDSq,d3e8284060da245ff982a9b7ad19f01c
4bs9f7JdQ4JNDSq,99276a7db722c9db566bfb18e930f134
VTXU87U3l0jZpu1,feb82ef31ca06c86628a77c5ab2f7a95
XBa51Fd97kf-GvR,211f048e7d7af6b4d84b2a4325a7bb2a
nB_yZWyASmXDRUT,af70adeb94defdd2eb32d58b98dab49d
nMYUKzE6sKB8ezB,437bc3f82a099cd3b37486a00c1158a2
3vClAsu31LWv8aT,9202e65aab6f2586ae5232162ac591c5
4RjPjk5jM6V2iPs,60cd681df82a4d0c152c8b8e3bd83e0d
9J0jtk4pbhi371a,f5e8d470a51c605f0fd7599f7fd57bb5
FMGYFlvTeApAQBX,34e02070e9426be3b0d0edc0c371c604
Jmpfg2e2sR6CdeS,4f2b861c2fbce5e9bc90454bf77516e4
Li0dLYRaTP8NK8u,73803f6f7b24313042090e6648f3220e
bDHUuHKV-0UYchJ,4f60229401c9890769291ea3e86c1ec2
r9Z2qA8H41z5DfR,a570e1340b3b56ad8e8d00bc3fb77a8a
rhGmRZJr5k831KH,c75c99c136d97d4d5fc2753ab76ae341
vAYxQ2uHO13y61b,418e64619007fd1f870a6c15074aa4fd
9uWzyEwtu6_gn2O,778af76fd5aedf4c0a226a4fa3fb44da
W30MyTTHRdGLtTi,787a76f4cf8b5cb18a1b77cf3ef06378
eK8vgRwClJFE_oF,bfa77e026a6220d8865974d574d470c4
jo6atANg1PLFBYd,397413fca585cda86d0a63a6a5e20683
m4s9hJEzeKEMzW-,11ea1844d029e00e48b505fb419d2392
puQuBtGLhWpi2Q5,a46a7da0a33d175b92c055661963b567
rfQORxAeH7rjuC_,b2faa209d2e526a8f9b39f56c215aad9
0V_xQTwkqiGq0Y0,b2953d6714af0ffb3acb4ed9b20e61b9
0V_xQTwkqiGq0Y0,afbd9e167992e686d943ba39878bdc18
2EWF-D-1XOby42d,9c77086c2dfdcf73dafce669d34bdee0
9qQJGroSsERYpyU,b7b2ff355e14e83cc034577791ec4791
CiW3YuoiX_doVfq,c32d7de9d7b81738695b04776433db95
LPU9pCMXGtwAW1Z,54902f6c2f0fc6f447aa81e9093a8d38
OpwDTejg2TYpBu3,2796d10d6aeeedd7dcbb3e2a5ffb76cf
idO7a9i9io61LoV,e030664029f5f5981172b14054e9d069
o9Y_yeYvGB7tXv2,19e68387d061574bb575ac08a55b2299
1s5rzZ9w9BFQ7uW,54dd04bcd54597bd1c0ed70633344b1b
D1ye3eFHpiZrVlD,3a19588fbd94fcc3141395774a16d845
Gk_zz64-biAnJ2P,d71be166c3d3e691742fb0395ec5e843
PvyDH3Ss8zcRXHU,a195d13a541f708d86f4111e7f737989
SZ0FxWaTjlBTta0,6c5dedf0fa51d5c9949b5827991babcc
V4cf8ARo_WjFHR-,80eda60fb036b39e80ea1693f8195be4
ysAhEof6Y6LICUs,78a5590d0e2cbd043ae4798bfc1c7807
0Sj4kRc26wjR9Fz,d2d0e5e771e6a0e6652c62ebdd755779
4Iy7qu5ccvT4OVX,ece5e440d4915f2f6d26e78659ec446b
GbcN9CByyZKcPtM,6b39ffd9d14b5d5d0d84c447cc90e269
LaZCdlExDzNN5wn,b08d681ed96e77d344b065bb2df1ce8c
_JsO5k-LkDGiZBL,df4bff0bfcefffca5a137b54a376a971
gtcJi5N3QRyKlzs,9fe206bb44fc21a59fb0a44f606725ca
jThG_ZWTve89Kb5,fc6d2aa0c7682226d8f0bd625912214a
wegjjpn9auF4vB1,548de90c03fb8787477ed1cb3bb8729a
xr2xpWwD62GgzzU,576ad638730c2e3d49c396248857c19c
8pXxclmG9de0QXj,ac307d086c2f3904ae5dc4bb6a306845
E35mbi2-U0RlM6l,37edf9b22f7ad5aec9b4c62881df0ac2
KVygwZqocbVbswK,75e8cad5d6b39202a41f07aa384d7701
NkCNRP53eJ4guun,4d4e3a6ceeb05d2f377c19dfe469253a
heun0kFSUNZAUqh,98403b4d9169fbfd0d1c787d0466f768
tYIhKmfx8C8WHfj,c02a2bf55b16919b88d71989b60de306
wiFtrHKBXzoaDv9,3346b924c3191f37a4348ed85940abcb
4OxOU0TDGOHfIrC,4eac9cb918cf21a5407c2c3be8eca590
9KLhqIlkKCQrFDc,d5913f7d297f31640630117165f3bfeb
ImHWqRg69X57y6t,187154b43e8188162bf77e32055d77cd
PsibtIhqKcB7Ff2,df3d80f021ce27e12878e9085668206f
Smj-R-IlWEbOJze,22cc26243085c0a28209f9e6e3dccb8a
cgjDhHsP8CAeG7A,1d04cdba78ab9fcd3253067b15ed01e3
so2p7YGD5xZ5CVi,2c56b35af67b99cf66fa171189d43572
K-Qh9m4I_JLAspw,682ea21b85021c8091ae4f43733d4898
RL8ismalkV_iUEQ,bfb66499b77a130f8781a7a2f1729458
_9WV-0oBI96Ncbj,a74514ff43a74cdd6de4f99b54d475d0
ftjDPI3PbWo5kxz,83ad1c9792d336b17549ea027016430c
g-wEU-1e_PWe-Lf,744fa3dbc4483ce445ed2fcab8caba70
jAVC1YsJHNrshnT,c9c271a1621cb610fc5696a59762f67f
1EULQ9axGXGu626,7bc058843bb2aab50b6d238b9dff3cda
1xPypcZIM2j6rgM,57b01e2fd76db7e21623c46f8c0f6d3b
2iacn6OgTFXsKwK,bffd774e2df34b379a6163793b44ea47
e-OU5oxYzTQHFiN,780d3b9c6e31ad8e11219968be45b3d1
onz6RwjqPel_K0q,70ba899f46b11498f0046fa0ac54f4f6
yImlIWN8RLpAsQM,0de1baf29f39ad5667396c2e16717e70
CiJ56GFThlwPU1S,627120f4cc708ef05d74cf51fe76f75d
Dw7Qrv2VGcuESBr,074f3d4986a958458304e092401be1b8
ETEY7AQsRnLF2XI,eef4de304f4b85021f241c9ec49fb463
JRxYN8KPT2blnhT,8f09ebcf0a4d1213d2f387254774d692
YPzsWrZewFq9J-6,de1a785bacfd0ec52ccfcf1f3fa2030b
wxgCEo1QDIguANq,5771d9f1ae4ed6691a0f96a2427fa57a
1Bc6MTrXBFrJ7w8,743ed5cfdf83191a508439a8e214ad98
1U6WsgANrz2nJob,dac2e521da2dfb3380b2bed29992c981
OJeKhO06NUrVnJ0,3ffc4136d68a1669c049ba2e0c6140a6
XH9KrF2pYLWDCIY,176ecfad53de94dda332649c1691a696
bAFxdexWjuKhqTO,995fa9e80bd559807f00f145e770cbb4
gmqWcTkq2wKwUes,414a0b3bafc3083a14f2909b918db2dc
gwWHPSivee7EEle,bf02b5baaf8145a05e86f8db9364fdc2
gwWHPSivee7EEle,c748319d54d6e2f991005012ac86e4ee
m6Eytc9eqGIrcBa,15ec47ddf60a3f4fbe5a3bd0ec1c48c3
ugjrUKIb1EfmNeb,25adb736aeda3fd86f67c832d403f5e7
CaZkrtO_Ti5pAHH,668748fa3471326b07f48fa5252cefff
Dk4WzcYa2uM4Xhi,fc00d9ca57914fee9074f5429bd5738c
FXlnaAmXtKMDflG,9c9476696dcaacd1720762eaed5563ca
LfuR9C7nGhngxA3,73b5fe303741ad338a3fe7f999bf740d
PA94mshH5hxZzL-,609cef8966c2837e6dea7024a8a9e322
RNz52XM7Iyafm2q,50e903aeb201a9f92402b67a16768cb6
rW_rPnkfbYa6gr8,1aeee5b07525c914bff2f3ea9818789b
yCzG75QPq8P0vIn,9379579e38ab45459ff9694f9cc4a49f
D9pvbPP1bdXDODb,f0dbd80e94e997b5444cc1f5e2d9c605
EzSPHX1NCD3jQ4C,b22cadfa149e01efdf819e0ef0f1e407
VpfYfGSXc002tAH,2fb20bc339fe08764af2e5682553c04e
chjChbMOuq7mHP1,746f9ead92bebabcc9d210112b4033e0
z5iCsONEEOX3t3y,ba0b27aafb0e4cbf4e13ec429b637c5e
9l3Zx7-_YKAnx_w,7cee5995398bccdbcb58c0f627cb9e8a
FbOfXYuFFVHSQsd,499f6775f854f81b6100a796fb48c910
TOPvpD8lbTBhzW0,ef5866d67d80ca2122247818f124fb96
fGkU4Eu7iyopE9u,77ea4429af4d9066b61a3ef8aa5dc161
qN7vRXwWLAegh3f,3ccef1b7ed2763106df026999ec97f49
tCBkHbaTBlU5Qnf,95ca1c41b5d3d4b70d9720c87573b153
wXi4xBIAO_DYvE0,481d5e4e099648646994a83afbd69709
xQQIkLI_dXdfLCO,bdf4987d3d02ad055988013b86b87c8b
1qZUw0Nvy3Rg6NN,ab2c355ba8a1caf8dbfc64e8be5186eb
LwG9sO1gGuSRQsU,d035e1cbcd12887c56d648e5a08cf904
YFKhxWRmF1ohvbc,e7b30c44d2269bf32a5301be6b7cd8c2
cHoZ5I9T2pzKOhz,2dd63fa762717e516fd9421954883c14
0LDu3lxuJZSEqB2,e31b314539c507676e5f64684f38be81
7XQL4sENtVRXbnt,46e3590fb1ac5988f42afe5fa0e51f6d
mSTjoWZOmlanCXf,3c570cee982e2e749908355963c447fb
z_f1Birn2rZAdE_,3bf874a702f330a655986551bb66875f
zbNPnCyvrf6BM2U,8d5fe59b91f354f83a07adaf7ef73bc2
550n_m4u7hYr-sf,e3f4e963b5c11551be7c355f6d1fee47
InjBSQLRLXs3PkQ,0f8de9a1bbd992780f3f940134a16610
OFi1N8C_wncUwzR,fbd091d2b05cc62180ee7c8e28af6fe4
cfaDbpcWl8qvfVR,ef7626e91861b446bdd3c283b250ec87
jBf1VDcL-24LvQ7,d455fe2784cfce28a5cf742a7d3efb5a
x-Lkn61u2EUV0UZ,15f69c0a42cbc011f6941077ab94bf02
2Tazl55SFTJzurg,f1bd0e90c54928f4ece713fd1afc402b
8bIDwC9tg4NMv_K,d619c464e39e5798ecbbd32c0de85ec3
Y39m_PKVWsU-3Pu,ecf93ceaac632b99bf936c1b33e32570
yinwDWnoawRB_3m,83c78d28f2e09c314c252d44d1acd8ac
5-Ph16ZcsuhsPsa,e229fd8bfb52699b914bc521096022fc
7ZgZQv2-JytaLDq,7be94f4c9a20f7ff1f861e568c71cd4e
BZ76dWHRL_yghf2,dac09b3fef738437fce4b645d2d9b642
YYqHGPLLRyPMECE,ae343ba513c8c62fef06c6372f0c55e2
_1XXYfpJeC77vwG,974b492cec230eb44de2bc2a1001e39f
rDUoM10KB3oy8Le,a15a73e2cd6f1aefab4aaa1a0a9c90d4
vX1XLZOtcfrwdsB,107388a7d8c617ae59a659bdba4680d5
zZeJLUph4l4A1hy,8a67ef40cb6bd9734d2aff6803dc92e5
NucBSyWD75bp-_s,f30248c6dbf9d2c42faa89615964b250
O5H53cPTZHsPCGB,af7659aafea9659f595fc5db2e0b3b5e
QQit9IkFgVt8QC7,cddff7e119a1fb5f37eb4579ee8611c5
QeYTikS6fTtRHbZ,69714c194cb777e19c057a18e8b11fc6
RLYx-IDAJ5EeRHk,65e32136bffb171275c82c054558a52d
c5rnfaYJJPCxNfq,158b3a3659d5e2572611c87b11a203c0
jz7jlRsar-G5D37,c16532fea8b99d8f83cf29558c83a3bc
kcjkjH8vrpB8ZUh,95708653a5de531046cf67aedf29c468
nfY7Hr-Ok1U3zs3,3284bbefafe8e46ea4d69e09ec0d1d8f
KFl6UshSUHNUEUy,f9498cc7b32e78eef3a9332633bc102c
n5Q_KqZd8AKpTNJ,8d2743f78146c4b3c55e2fe4e09c5aa1
vwm0m4uyHnyxMvn,7c328e851978bc090b428eb7696bfb6e
xVJY6hKYQjKgZez,14221ec635c1bfbd063932766407afaf
xn6M-ZdWwZ1P6Qw,65cdf90c5829e212c7d5ee5c47c1e173
xn6M-ZdWwZ1P6Qw,39d17aca80cc03e66178385d2eb08c18
84f7YKpllAVmtol,106c59ea32500c03f731305ec18ec7f8
CZaq_pCnV7WMQzI,d22372a644bde9073a12ea153b6345bd
Fk8icVrYu9DlEgx,f4eaaf331e4148478bb12eda88c2cf6d
dxG4qe_fN3d7twe,e936868eb90878cf3aef5df2b3185539
hBMfzvH7FRXq26u,e9f6c11734897959dde62d06cb5c15d6
rliPH-_me7ScH55,0ba58d7d059dd14db8d98f85a6b97c9b
GW5fkz-WGp45Qjl,51863b27c49364870a40f93cb8944d6b
ONWCmwmaoZhyQSZ,487565836c82d4941e276b9bfe277aa0
RoRiRoEJMB-Y-2s,9259c5c46a0da8fdd35a378f1e8f8c17
eZqhKWQfLCpzhCL,0691d176591e09f2da0016568644f612
p0XDZCbRs8wRAvq,43b18bd8348795d925603a2ab5b687a6
C8l3FltVakzjPka,55cfbc04e013972af6da20d0d224b469
DEj3dRNjX-nynGu,a2504819946bb2666a91c64cd053bb44
QQM_oSVcP2QUbsj,8c2e4d05fb3c0523ba5b72e6d35f2b54
d_mX160m1ImivJx,84c6209b2f805689a448691880767663
jvW46Q9MV_0BK4T,46060a952e8cf157eceb0c3a9f15fe05
sbPIthSY7Ee2xvK,112709048e2e32231cfa560e533f2aae
xII2c_04QcTyxB7,7d502f36113b2a066f83f78407eead5b
7Lkv-IHy8-RSmf5,a6efdf37c0e648bb545ffdbe8cba1dfe
AygZ9QgmPwojp_o,e4d4d08d646abd2615d5fd66bd72e903
dIYvGqi-gNFU0mX,01790bec361ddf3c5055e7480632dde1
yxMMOmPgZrZ4Aqo,17e3a9961bbf9f6f3ba70048a8a34b12
zkmHZ74pLhQYjey,b0b8a24a82627ca1ef13fdc8829f359c
zzRlDzaAR-elqWa,9a46b3e786297e5bea49ff2babf0ad38
GHz8Xo36YpZ87_L,a0c3825fbb26ef68b265b5609631d3ee
Jek1lTZ4UHS2OKS,a52bd78908527d5165c5cbb85cab470c
NUlyI1G7d5Zxb2-,2fbf029c459234af6956705b571b8e44
PTtYrFrJUfzWYM1,8d5dbedc46a8f4a189249875042f34bc
UNfcuklPymvSl3z,bef9ac5e92b16490efdeb34be3997f13
_RQX16chCm7JKxH,a994fa0255f3095c3303da4ab1dbc331
_uwmKE1A4FOoDKu,bf220ed8a2a958e3b0f918eb2a45febd
jW0xYpflU5qIjc-,6d225ccb7e2a8888a1e1e8f253d5d77e
khaJf0boQ4rtm_z,cae4ebcdc80d726efdc104c85b4eaa98
redQxqPiNWQ46Wq,6c1b788f4da028d6bd2bebc50ecf144e
xnRrEHX9cTTz7-M,e308dcf130a5361fd478d68253a4329b
GnQFVz-mBjDOxy3,caacd66749cfeffab20352c0b5768cbf
I13h1o6Kdkad_xf,506b08c4f9016948ff8283a16e851263
cCk8uwu8ydGH1P8,d6cef265195232a112ca950f87a00998
1JHhkJUD5CWN0JJ,e04bd4b9afc92e4eded059dc6e13a4fd
46rKVSkFehomic6,fe920868ee04cdb4d436ad574cfd662e
P0Hl-F16ppWaWEv,ade568e7213d5a956ac3897a09f2baac
fEdE6-NTqukTN1e,0bdb858305d5a5c9b392857088a2291b
gTZEcoeCRdd5cuk,349ba847a59ad85306c10dd1a2e2f9b0
mVvn44JeKwOyEXY,edc475ef4b0bc7319a330dfc75907f29
oNHeicONAaLb37K,ad3c18fc47889d682fbdd1caf72e5e9d
pWmDykw6RAJIDpq,1dfc7d0ddde297b182c391e02c3d2cb8
qEVo9kgI9JXDmk4,5465e0abcab823a84305d2c3523c6d54
4UV6ImaEIMqxSU7,fba113d45d240c476c4fc491306d55f0
8eKHcbrRecI3jCO,037d8be28acf6818e603bc80da740749
NAOx1OTX7Mj5ewB,43db115903dad7c80b6729c852e1d3c7
PTli9nAOoM4WmYN,91976390ed0b13c233fad827ceb5d94e
QARg88iTuLcyV-E,01208ec181a5212d33d2fa4b78306524
TugtH_oQgjq3_HF,d26404b49e7d169070208dd376ba1449
gC_xJ54xw5l1MiL,00701ad5b5e7eedd40925ae3c4523d8b
r8s8TennK7HfWtp,44aed3c375427c5490f70df453178408
vdrSQI64ge9RsYO,5769406ec71a5d4718b0e88baa0c63ef
T2kWz2qQtH7PfON,ef0eae8a6849b0028b27ff67fc62d20a
VW4k7OsyF4uYb2J,e7b5df7e0d051b4c635a1a05a3a5872d
e_H_LXTzoznI60i,f3cbf827e441bd08899339011b0d6ede
oQ51sXaUNtLyPa9,87f7548321090f4f9826c10d222dc9fb
rSvsX9fXt6thQeU,d2c9fe11a8f51dd9e7e810b5893fb1e1
uD55-i7a0XX5St5,b01e758da7efb0c420a419bda14ce4e8
vdm1FSHcMBD4Dxi,890a3be86a7ff7e37b6ba992d75f6b31
zPnnNTk0skWbN6B,d8ab7be7a30a06f6f6506279759b7b65
8aA1N1G0-I9p5zh,49676b7e301988c3d34562cd2cd45ee7
9gZK8ZEbCNWZuQ3,3f13db7ba7ef539ef6fe57c60ac48eee
E4BBpmoc-d2CxQx,1194e1e5a31c43413bc4e90dbede283d
HrHCIFtVadhVmob,6394e3bba50d86856f8d12ca628aa9f9
O51_cf-GtxpOR1J,4e44778f81162b20eebded80f1a526c9
ZRDxm8IK0VBsiVh,63578f8a746154dae3c483d267e66b1c
cjagy8P9gDIC96X,7c0cff6e3296eff7ae55ddca63de8b64
lpuMDycuS7nOUCA,453f953208070db38cdb7874cae6bbb6
mTWsaRwS2u1GAj5,d0bfb1de5d41e9419a47fbe9d31fb200
nly-fJ6314znPlu,367189580af6a872eac545dc81cfc971
uhEozuyvTPGA_mx,57726a42015ff487c9ef401abcbff8dd
wK5G9srCVLHuWjv,9e0ef4bd828118edc71720d0575eb544
3npXu2OrZxZ52Db,69248f465714006e0b173831d6c8a95e
7wQzVGv3s2TjCuR,347289a5df597310b272b44c82c770a0
JQLil1FWXKGHLvP,ccb04b15ec6ad776fc2341d747f33df1
XMSDfvjAE5cbDC7,cbbcc4192c15cd6339f008de8a966969
YhXokn89h7nWyJ3,93fdf42505dab8bbc2e63e2e5f1685d2
idcq8BPav0t1XOr,d5ba9a59ae6a188efe15603d2a63f480
kSSythFaQX-WUhU,c21d1122793f7d77b0df20e6580b6353
wyTcgD12WSaJ3jG,29291e4ddc8809ad6b70723e87eeddee
1wJvB9l8Ho-9bCr,1b9f74fa1f28ea7742ab10be7fccc5b4
3ZrOi0jhgZI7swg,026da27854333519e9b25456fba04b40
5CrtL4zde0M-U7T,0db35310f690548294098bb6365f5d24
Eo579YQPTnbFkcr,060e06cc4c9c87c86e71c51304b59ca6
No7tIqcUMFSSdrD,ff2b7f9dbc5199255a8df399c2ddb205
gy8yWjiWPeqRnDA,564284c942f5e06b480a8f0b433aa750
sQ9IQQa1rGUkp9o,8d9f4dfd51726dfd8ddd43f8bd4f970d
y2zkXCsddYUoaS8,4430a42d7dcce8db837b49d51dc2c3d2
-1NWRIgyHa_yIKq,98ce866dbd22f8a976925aa757349e22
CCS-lNY4jfeKaMW,76c61e39ebce5c4d0a2107bd66b7b805
_Yg9kTaSVjDQ6gg,59438420e34e5d0f12457657f470c27c
28_SRhnU9QWiV7I,4d1136b082608ef56ee774b79f8cca2e
3Um6s9PLDdhXTrn,e305d2d6b2d3cb7d58bce473582babe1
5e2OwOJsuQB9I2q,367cd8e47cf5696096319bcfe6923c40
DfXL1-nvU9rWdQo,8e6aeed176f7724726967ba61ec39032
In0l0kzpQDXvCat,e14f9181d0f2de3f57aa6ba0d1402d29
KPB6dilJ5qqUssC,062ac724d42875922388480ec1ef3ce1
NkgoESSnTMQjlzY,948bdfcbd0a767448d4ebd33d05fbef9
P4nz9W4Tw7-tzLj,e1c1f4635c33fe1db78c44a11327a4fd
TbI5CCAYFfgT7uL,ec6ea11940500003c1f274f0becb75d6
Wxp2x02yOyc36oX,beb4e9a1d5e991f11114d30bf5ecbda3
Xt7KEEjgCyvT6jX,3d46b51a8bcc0d0857ab3b798d64f598
xvYr-0uT0FZ3iPn,a3952238d5dd37d559e5793ee9b8bcf4
1EfDG05Zq-3TCx2,d515a15ab7925cf286e992e2b9911893
E3FNvLaoYsZmow3,b1d6e470e607061ab74fc065d236e4f0
KkSYCiwwu_mOvpz,9e1a11190d6cdc154019b0b1d7834527
OhNET94F9EbYEDa,53ca0b65bc8e92ae06ed512b73c24e9b
X3GBooGTCyqgOtT,9345b7ba5c7d28821a68de707977246f
bhNXJQPxuefh30j,0981ab39db6566d41c65e5003403aaa6
iXmxjqpSRBSI2fJ,a65e3a9f371f54eb038472fa4b069148
8_8T8tvdBwIWPpi,bb83ea6d66a789fad0cf18387d5ba681
CXafaVjeCg21215,85e9c4f623048846fb142da2f05ca31c
DYPXceDajdFwTI9,3b1cf91601477626ce1c40fa15b87249
SKehzbRNkkJH1EV,97d9c5efda1a3aedd1a9b184802d7b12
UMo0sz6SEMg-X0T,1a807fdb027d05227c0b94099b79c6d6
diPK8gVt4joCVDN,5f98f7b6d7e09324a3933888148b7d6d
teVK6ofVQ1x_XGF,22c6b6fa2049cd5ead85ed63b206bcdc
WHqkEfuHdGQchrT,23c11956c63ae38b5b1ecd9d79facd67
su7nuSjp7GB-V_k,327f40e2993be6e0abce5c639c6b5963
yNemVuR29Ep-WVj,683288b927e81c71695fdd5521d09519
EDfFIHh5fP_r95K,e2a6ca95a48c3090c16d8ce3aa1c6199
FZxi3uP46Hh2GR5,cb67967be0862956fa3bc464c6db4416
YRJEN17w1c6qAfh,966b57c46cf9bdc4eaf139b564124f0a
_BFZWJ5QCmIW6cZ,8bdd4ed16c4603c4334f9bb1f1b6dfd9
j4Px7_NeT1p7mj9,5749745f74a7c0db325ae0727b438675
nMDU6pT2kRQJj2G,3b7f4acce792ad8d9ac4ecb216acb56a
nvPbqfPrB5yWY3k,6e6cb0a190ba689eae896a53724f8214
8laOh2BV4Y-oDcB,0d81b6aaa4e64df8ad900714ffc60049
GAGyf_4Rn0G1Kkc,0de54900144ea671c7c14db4198d0087
NIrVihD2VaGnxBP,798a0a1cb0042e1876b8a0fd462bc480
SH-6bW7DYNzivVh,7967dbcfe2d4d1915b333c49c3e5e000
SgMGWBL-oguh1i-,35a76b3144b4daf7ceaa29133fe2f804
WzHcjS40VaAduFj,7661d191c88965e0209da54aa67b6203
m_FBvtE-ER5koLx,80deacc0cb3cea39df4c9cab94b682dc
2Ma4e7e-AAJAsZC,7065936c83e1fccfd72ccdaa879d84a6
GPSqJuznbi1DMpT,dc5ce37191581b7553f7c059b0e2e07b
UsDeGaZl7jyJJPr,4675f38a67620dc61c09d8c729056023
Ut2BCp0wWoqrUXD,20935195eb773660c23359043d33b71d
WR_lEZ8gDZPWjqu,58c7de4ca4195b2faf8180d19e73a4b3
Yc6jUlBK6-ll8t2,16cd80432093df2fd49c64f5434f1a8c
rVR9cJ8JAEFawte,cc867e4a0ad8524086a3e440fdbeeb56
wWuzUCpPywFAYE5,5b1894f487385c14e08037a389ba49cb
xMCDlbZtFYxsGSa,29bed69378e8bb49b9b93b37b7088686
xjDY_xMcRq4AQhv,666290231b53ecb5aa504de5c40ba4cc
1fAGOPVk7TcQc_v,450c26b89e65c5b931b5d9efe8476634
4w7C8D58FRM66Ba,500c28844f356d281dcd0cebff826516
DmD_6JDo7v-7QXA,a260b30d93dd8db2f4cd4cf02638f0b5
ENV4aYjkV4u99ra,9da4bcbcc2261432d0bed78c279e740f
FS8sGTUbkRNmJTt,33848a49a93bb37ef8d301f70b5e9212
aIxC_Q6XTcEBgg5,6ddda5b47bf9c1606a309ec3c129079f
gifQsit4iloUYaF,59193dfb2b6d8153e75e959f0b26dcfe
-AVGjCvhNn05sYF,78c9db7a0776fa094936e8f9f6893897
-VWzKABGN5u2cYh,aad4f542665a5d9d5f8d75bb75652160
05iICWhEx18lKoN,3db9c3188180eb94e48c95038cdac2d5
0TGSkBVz9DYBa3P,f2e6e8c521d69eceeb6552574eb88f7d
6yAiktBAYW8dBbP,7d549abb3b770acf11617ef01cf14ed1
7PQbC9-2o7Rf01y,46bcfd66f58bc22b757f692639a8ecee
M5CPPveV2RWrmTY,3e9dc8481c9181623a2ea5bc5ff94983
SwojjM4vytNRC98,7caefd8383857ca51ee80be8bd44077a
UMA6qwAxP5sAFwA,a556c196f4a02792517c218da12254e3
WXxko0ZFgg0L8wk,06d987b665f7f1eeb2a4cc50e55b238b
Ypu2FX5FJK5xfRB,58ef44a48d842b1fbec7fcb31d043e4c
vDyGf4GLqx3OS-_,f879566285713b0eb0d519bc74800a9a
vz5mufxg2XAd_cP,fca4ccf309eedc60699885bf303419d8
Ij-Q7UfV-cpfBnS,c1345abf2d67af29191aeebb2fe04d08
MSXo0J1rCSvYQyS,6ec99125699a7c4d8364959f10bff93c
YlpCBF94xcVPgYx,3d6c4781912f13a8dec8e7f512c9e12e
j7OOOgX2ruQDKoY,aa8209dc428f822c59521d0685b72eef
rZOcjMfSoZK9bsf,d3e3e099b0e0319a82fdd71aa4871583
RFzGQLUZ3vz8SMQ,9cdaba2312d70ab3037e9788270a5b3f
dHJpbA5-MCgfKoS,d7217954c95b2e7d06efa27af5d77560
oPDrSISpSE6zdlY,8e1d67136421d6e9294fae96aaf8377f
r-n_c8CX6Eq8GRp,df56e899c5ed7a193652968305829add
sOVF8H-PgFO8b57,9f42e94c6a53b02963a2d5c0c12dec69
4Icg2m6K-OTFHPs,2add0d25dccc076bb74801f0cf27e11f
73u70GkD7Yt1PjI,dec21751f58629bbad951328b620ead3
9l8C9zgZjCPT-ph,b4d493d6c76cf495d0c59304aac2cbe8
AybeUKp6Q5A9NZE,e0f50c1341188beaeeb2c533394bac0d
ZoCZIK8vtOK2zZP,9f716705c157c4f2d82c410d01eecce1
c5uRpT54oxFKk3z,affd3c095e3a3d57911675dd7a0c1948
lM4aO_K6ZMAhHZc,51469f47ce13a81b05a806b70393c0c6
o3agxGP9HIkTTnh,23d65539e8a0772814ba3af68bcd539e
z05mHHsJjuT07lG,d68df875ef4d5842d25657c1370ec2c1
z05mHHsJjuT07lG,e07017c173ea3c163b3d1b3f5252ef80
6kB5mRmNbpG51cK,56a81a9100990ada78aa5f373a6191be
AUaigST8Wc8yg7d,0cfdcee95c147c65b659e1670aabe8d3
AuPX77nOIOk-0pp,d6bc929eac6e051376796e145879398b
HURCzi6S2PsTWlU,2f9f0117dde091cb75ca5e48f1ca804c
J0bKIchXZloAhXx,c58ebc1eb69dfd0e99d92b3bc0463683
Kg5wmRknsdrKT1X,a658688f34a86e86984090342e31a65e
PFb58Bo4xoGGuPU,6c96243d9f626067a2a18a7f7b3c08ba
UUYDe7FmbBSS_Os,b77da19b2b922fe26e5a9d8ca00418f6
WUdfKOXaj0xb1Nu,5562d4377f0e9e3a29b0222a4b7437de
Xdtxan57uoXu6V-,b3e1853d17ca698c8613c0702b9993e0
fE11Oj6PY9ZntID,59c414e9944226475894405ea917eb9a
s3CSzLEJizOwoi-,5db0eed92e82f9c900c049e86ca80d6b
zOcyN-T3eaSfgAQ,2f476e545fe7bfa3d77d42a992cd09a2
26oKdCTq46bavn5,9fc0b7af1159e37d818461b09bb7cd77
I2s13c8_4lHrn20,e963867c5507382a670890e5a4a3e7cf
MhYKDY6jpy5saM-,1e887339c8895368bb6579f1805a7a0d
djZYbiv_2BZtu-K,b8e7776f31ba0a6b259c90bb9c7f1f1f
ivnF9rL_MkZWCYB,e2382b4c9320b1aa6d73d68badff73ef
lXAI0kuRxLqk7SJ,d3d26af2f21b7885bca450f88c70a0bc
mgna9olVEYksAk_,43d7cce343de65d36bef6a98bba72229
mt7OYbcDffcR_Xq,460176b80c56973e4c25541a409bcb3d
pd5jK7-q4aHinK8,11a556f94afe88ec6215e476472c3052
1Af23i-49-rOyxV,4ea27772f288b2c0b71ccf68b9c3b777
2IexDH5COTFGG1Y,4baf682f97391f7cebcddefaadde3780
9r_6OyIF9f88hcH,4d8170248fb2fca2f461c26e45c36ba5
FHoVasS0OrwNC33,d73cd20d352e238856ee875d9446b40a
FzzScLUz8QBoKKv,4f00033f0001efb04b5e185293380456
QObDaZFNWYkviTN,983ad3d51cb2e62490a3239843025860
TcNnEosM5h3m6Z1,57cc6f1107fa38a5c48931e5270affbb
kDvSTMxBWKSAyQH,d499962787ffc75c28c01bc69abe9192
oHs3U5k00DOVSto,60fdca39a0b61f2db44b1cd1b7db5a3f
oHs3U5k00DOVSto,5758e3cb8f3b6e9d91d28ae0b6b72c77
oYZQyUspCPY5jQg,db340683e658ad0c9133f4b008355bea
ocrGnUpTVtGWwiA,2731525030ee4ea0545bae5f6d8a2996
pzPM6tYnyhgs_Pc,d27ad654a04f502fbb7d16e8a2a0b9de
0aT-V8PMeRkEjyi,a2cf284757a9df2170832d27cb3fba63
AcG7SFvCjUWF5YN,138c89d2a223fb36344c54b7c34b9ae9
B-IkYWodqRl5W4e,24652042e1b421215464768f60bec23f
B6N2BmhmQN7zpus,a959a2662310f37ed1890cf32f609b1a
GbQTHPxLp5-WRaJ,6f1cf21fddb92fb3b04c84368b6e61e1
QhERDMC1XO0RFRz,c0c4021e96c5c60a2fc6697ec9d92c51
W5ioiH5Yn69k2pq,71824543e2765b13b3a53b6df681a92d
lONBHGL06KmRuyN,cf1eb527d2632b9807a83b5ad03da522
qpLu_f2_dA51D7Z,fe3edff17fa28a2bceca36913d168389
sbyMRf3hKRimHQj,75bc7c9fdfedf66023fe92ce41791619
VLOSut9Q3JuDAP1,6d65ca09fc4d1ddca433c6c1b7da9476
qf2qxWGcRqy02kI,c13eef91ca06f8b22fea02423f44a749
-71AYlLzTl_jvE5,60c8a7a6eafa7b52a0a8051ab36d8a24
5Po71JhD2hmCPp0,5b28e6e2934bc092bf9dd65a7a30da0d
7BhNpPsIVsQq1qP,f8c17c6dff23268b4f6f80379b962c92
cNt0aZDevCq3Z2d,a151a21f2169a6974fa5a7a80b0ebf56
lfWt2-m2Uk5iMIA,4e57cd7702459988dfa8b974c4f58bd3
0Q3rJ3OwJfBjSFi,d491e960aa46660ce387b393827aa616
SeWuDHIAyYzgZmi,06025852f87d166118299d2cfc4b52de
f0P0pINeW45iJ9c,83d93d39efde5436d3af8e188b42591a
hUc6P3Z-hQvt1s0,c828cb15b4778d023ebe9093b115d3b7
v0pwnX5JG5ODspY,cc957ab7a07da9c59b93b4ce368d3afb
LHXGW8r69WwW0zz,dddb8ae2f959076a050b495e06de8fb9
LZJlWPKwo_ihDFl,47282997e20d4067079fe9e5d6b2f79c
Qj1b1KRIiGayZvW,148ab00ba33f4956ac918bde3b4114e6
Rfwspi3ww_oNp2p,f32a1662d24a4a553b115d417fcf6697
a62lkyxHwH6KDPU,54e7277137ca4ce183ee0a9d6040f2c3
zjfLhia_ksEMUDb,b87cebf367ef8eb4257183d631dd8962
2OIvXoUMwiqnPFA,e27504f7027a0f76a94e141f93f0686c
2UDqiGD0xtdWe_r,feecbb146c35d5d2b8ee5796cc1cfbce
eOxQAQLL8szk_ba,c07f8a02fdfda88ab692598ccc8109e7
lZsC-NR7NAk1axk,f2325b7ebfebc8b178b557e6299f41d2
61uWNlzjb7Ablvs,1a6276bdd3636d41da3dfe6d7e8ee71d
8-D94Ytrz_cYGrw,33f75ae9fed508d9dfb1eab94945921f
BzVkqqvFvIq7McH,bbfe5ccbd76b2fa4a646a6c1e9e375ba
PB20IYiPRpmqhbO,9f9f7b3e8158013737c4fc2c1fbe9095
XReTGR0-eKSvfMu,6374c50c6f063790cd74829e405e3990
bWRnLaILZ-Kbs_K,33ddba23b0d3d70e0d7555f01084d3ab
vbU9j_qudClHnB8,5a6dbe1cb96a44c7c7fa842423af1822
Dt1dqildN8uBcKc,86a05fc08b723dca19168338787581f1
ahaT-Ygcc7GNk2I,aacb258c368c2c9ed4d5d8a6f76f805d
o36IoiHzNy-btPt,0cff056ad8ec311b65278a3aca9bced5
rdk5wUYgHVe3miM,34c6cf5d4dd980a7a4cd8632002edef7
0YiltwArs-4bdV8,b31780cc69515be085c6ae2def1c1b46
MPjiiuXimmMi_I7,5796d31530af06bb4cd76a3fa44c8136
SO7TmL1lLF7AAai,de5f307b99d6f09fc27ba42594817631
_ug4_lMEAVmtzF6,e4cf7f5dec7cc9e2cd80f5c7d1796d0e
e07Pwh-VVUVLk39,8d897028a4f3d7ae8d748f3297170257
t4mMjVRVai8mt72,0101c4ab2b9d31b01b9e484544ea3fd2
H3nK2JiY1h2YWXn,28c0429377e00bd4dcfceac9e41b6df3
H3nK2JiY1h2YWXn,28c0429377e00bd4dcfceac9e41b6df3
IzEG2YIMiqHcFvp,593cfdf146600b67e36e95c84f5d72ab
Jov0N-fIzQI7EyA,621a2cec79a0d59dd0a1e76f77f6a8c5
TIxboN8IsY5I0bj,cf81feafccf21433fb662f4b170ac385
X8ktnJ5PFdqTyBA,07ceb3c28633ef57ed39329a2ddbc112
iQMJRpbgi4GDXfe,08c8746d58e647b2482a4e2cd6b25bd8
lABczv2qNT3WI-n,b349c6666a9385283077a38226be9fb8
wVzBWogSqaSha7a,61c96207a00afbc160879f82bf610d00
7c83KwO91xg6mmo,cbbaa12c8dd8c69cbd7a1b4374c610eb
Mmh6zfaV7K_twAr,b712d03d1d9372fce6016568f4cac233
19iu4R5LqD-aeBv,750a902f88e1f6d9c072a4332414d7af
2tyUo0Lvce-tkLd,45d6ed77931f031767ac472ddb94a215
6EP07iN6QFcrgID,82efdf719f1b96a2e7f9b4261f68d44f
HM94eAjbXfnfiMg,7689ef525cbd28536f98bf4d62474d23
J4YlEO_9WaYx24M,71ec0543ad6728ea348b4a7d2d4fa361
JKBEwBoPeBwTwaE,842953c640936c320399c981d066ebf5
SNdGYNhNTydUbu_,d09ecc6647660200a71e2c6a1466cb57
VMxBIfk_dRsfVcq,8c932dec7e66f7b073ed6f276f48428a
gdb_pKnubJ1q4Tm,b572ce3799e5cf2112d5bcc85e606d65
pgnYDUTT2f7JRH-,f6fd6754a54190b1cf4b536b0013f387
-8mBZZwMF82EqTT,cbef47bec4dba30afb9311f7919a0b02
2MprrmoMDQs0E70,0b516c9fba84c209fc5594b62848e035
L370AzD5NUd131f,887889603037e4f50a1621fcd7348608
PhJGevO8cwrQELs,3f02e38cccf5c36af77fc42b43080fbf
Qcuhn4O6BlbpB6P,fa3b723aac00e8954e50e95598c8ae42
RRLKuozu7-7ZAGM,fc14307e35b5bab63ae395ac3c8c1d05
SXMcIeKmVV7vwQ8,0dbdf4c07e12c2d807b2dd9b59c1f4d2
VBCjnMHZJmcPnYa,f9e2f5605d64735890132a41e96c63d0
_KN_8SaYIlolYtA,a43baa0f0c36cf8c88b9c838f621624f
ab6ZXkoxm_ug2qb,14c09c8b03e880c6c49998c456782044
tPtFDr5N9MXEFKm,9463b4409b5ae1c4e715b376cb2975ea
7kjJmGyFB0JpMYn,2800b4a9918a0602a900e4ec220d8c0a
86gyre9g6_XHoCq,69b5c560175b30f4a36618e89394a87e
LrN1VXczcZpufTg,be765effc3235f32933a84ffb59e4a62
dAT_diM2x7yfoAS,79f1d3feb4040b1ebf112f738ffb8a43
kSsyf3lIidUm_8c,f9aa6a36581d7f426aed0cab9a9ef403
kSsyf3lIidUm_8c,2986253972088fc0e86a905d3dff82f1
kUBbMv5s49UP0Vf,ab502c96f9b8491e9366571c6f31cfbd
1BD7RqZ6_1sLo9p,5fed17f77c5017223a8d3451e2e3abdf
C_njNHhaZO3mKFA,3a5e3c4c83122dd12c9bf2441003c6ae
EyE7D6Gik3SoyVg,897d1542f529d7c32ae7d28cbe7bd92a
MO-UznaqTYDCPCU,fc4f5516b740dc167cdede045956ecc8
MO-UznaqTYDCPCU,39fead3a0cb208f7e6dd2c4440bf37d1
QMhVV4U4hZRtY7Q,e445a571cdc369337abe8512e3e71782
T2QYV2h0TinSoMf,98b0cc85769404ca4bfb8e305d482484
rI_B0AbAuZHMAkJ,8722ade53ddd7ee248ae476698797041
vbuMigwCq5XHDLZ,7ad58d24752e0328cc643c514918cfa1
zpyQ7K7ZFpeYBAN,2d407ccfc59a29e4eb7dea08a42c5f8d
CxO8gz1fiDDJCqz,ff26c6709d0957d3215efe6779d615ac
E_cS_n40MEC4I6h,2238240a5dc01eb84b6c831f31638207
OqaRqF4dg_FOZ55,013b2e6fdee83e98ecb01d561c88b5f6
W7mIk_nmjBOsyD_,7fc81b846d5cba73baad7cfecc78425e
aPbnSQSKurE5WDh,4fd711952449251f62bd45cec7b0012d
nCtXyZyNz4ryBQd,9fadb5e976018727c28fd176f84d6fdb
tPNIlms_xxqpsR_,55bb1cc71bc6d1f6ada0b6dfb9868996
wXy8OF2bDdNS_MO,4555b348bfc5e2340fb730e3b40dd8cc
26U6TDMhvnVHgNS,3f7f58d08707fcda44375c536e8233f7
2xro90JBl7Gkgi-,2b4fd446195bf6e52145bd1fe2984367
4R3qcdaSkDsS1FO,8098ee2deda2471d51b501dde6471acd
BqqgDpCnKajaDS6,7629f069595a4a04e50360aebd25f25a
G-a9Oy1GaeAJO3Y,cac1cdea274e7ddf7303a78521d16436
LJXfG57MFoArS-Z,c00741b2d7552767a7cf55b31f436b44
Lxr8InFxO1rS3pC,3677d47d0ce78dbfa06678ddb09d3065
PuNLPh2oVLykdcY,f8f12e4841afd5626b7ff76cc9062f71
Qoxrle0rNR2XS4l,97b367624d7485a61fbc1e64c0557fbf
kSE38p9t8DIOrrU,a6b5e0b64660911790caa00c3e19ab26
lWOaHyDCwY3_Dx5,f03502ea86c76374129eccfebfe829bf
oKr_fHHUG0rT2Ps,b8db99db2adb447980080035d1e5f663
oKr_fHHUG0rT2Ps,35d7c5e54fe99d0a0a1bf62a9e88457f
ucRPr3m2qsTCJRY,c5667702e49bfb8cf11b2a904e855faf
4KhyTECDAPyT0a8,9a20cb6b78fec17ecdd483e7ed098e65
5Dat6AckR3a9Dvw,f9b2124094708e133f4dae50a9050728
dD2cMpPKoWfo_tP,2d0d42e8f12469dc8c0d8c99f38bf4f7
u3B60Vy64RekySz,25b6c1d2ad0fa1af6b3fc69cf4bf0128
wS2KQ2wDhw6iYPO,0f45311c975b4138f28a6f65f299007c
MHDv6nJ9Ao1fGoc,ce8bd084abb9fa2281b3b99d24d49ed1
imzuSjlT5VCVd8Z,e0056c39ef6b9f2391bd9bacf6c2f129
lVPfoA__BreIoJA,e871351df2f51b2171bee99c60e71b5b
tUSYwdQKhP-W2Lb,2425071d84989267ec926a5b9306c5c1
tlQGUBYrZakQDt1,092bb6ccaacf6f245f51b34af3d2f5a1
7dbdmKZuo-fshMu,b38bfe0af2976cebce00eeb7f59fecea
EyZgI1AWzyCSXmH,6ae7b565cc6e58141dec6d7d275090f1
HKyXPMY19mb6sE6,6c64b9414bc7bc1157ab327173737b63
VjQq4ihx_OYsSYF,0774684e124ac1bc4832dfd2401f7703
YQhgPHy2hCyWkdK,cffa17a8f0ff5535d3047034b9edb2fe
bN9bPuiswj9p57I,095c8e7e32057f4db3491ba52b9523f4
iudKJ1wBMFruFso,8ba64dc1f5883e5ca078f22ca35de75a
ok1KgmNYpL06wkV,a930d9a0be01e95cedff88ec1ff2ec5d
sV1yLKO5AW5e1GA,e6fec3615c2bb21c8551783a5aa7b3ac
vEQIiM104o-x6qx,8f496ed54e71b486f77343ceb9f843fd
x9gdEMZMoLMHgPW,8a366ab5c774eafb70750aeacbdbbf28
5Kj0Y6pkA8edU6I,fb84d48af18c93fb7735275268cf28ec
EMei2LlJwcXnSxa,bd59b34480de0280fd98fc214a6ac60b
QvUbP_G_LCTz-6M,d8bda9a13607e75add5a8c87e346b908
Xt_Nj7I-jPe-VW5,f351c81ad2ea0baa1fbdbd33ea65495f
bDnFxhF9-oaLAJu,cda5eed39286a918d91bec19212cab4d
p-kbg34KrmFqW6j,d2329b366b0fdbe4edbe552dc8b94660
rpZZrnVR1GOi1KF,e517a94f6d8af902e50fc7f4b120f13f
-FLERICR3v6Ilqz,3b861adaef7b721e3b7fd5215ec43fb6
C37qdcNXWa2ppzP,214a79aab357c9c89ef2aabb5b46f322
JzZPNwkY9wNaaeq,1e351b5c513ccdae9f4d7b02001fa7cf
LVqo3QBeIkdK4Az,b9fd9cd7c2143878d8784009c26e6c54
Rj-tmgAGswLv6vt,b260f6e89fe079f05b45a280358ad0cd
Sy7s9qO0I6L3g2Q,e54d0198b04e75cabde1e72e6d402a45
ZDRY2hCh-aP4nMr,148c96b157b14296d75c93aa791061b9
d-SGgxy-kaQvcot,46ead2e6fe31eac2cdfd5ff6784b8a02
fvicb-3dwcMnloa,52a85733bddf53a41119e0f571d5b493
gyIZ3Yq1PU-FWmP,e29fb751069727ff5e46074170e881ae
nRGK3okh4BgXOHP,c5a65dc74ddb013d372ba8a760d1da6e
tuZL5UdPa3hAT9b,cd78d55130b8499d9006cf9482897d99
xLDaQoDtM6GzaMb,92af7039c4128a251ec72c41a7f1fa80
4woQGHDxcZmEi3_,be241a5cccab7e3c6193d7583264e85b
CEcP9-hYoZ1rnZp,5ead85770649e4f32479cdfaa21e87dd
DHW74xMDOOeLTnL,0486138c61b89e7c746f4562ebb8853f
EOLZjoHg9uclrV1,e91f14419dbc251b922fd9c59550511a
HkV30bNhfy4j7sU,1e6600c269b2a43a7df130e9b1c05d49
HkV30bNhfy4j7sU,3ce49610ef228e4a2c0250b0d40dcd0b
JAjbzxYxaQJi4Kv,499a7c54d095b1ec33d27c5173114441
OxArm1IIHcBjdj3,c0208909a6776ac1989072ebd4f91716
ebIiGGuLJVB5lMD,3bc2023158341575709a90d6e4245ff9
m59hGDbKV74LIMb,4b3776e42f605b04d86efddd65c0c075
qQEz9zubuvdJw4O,7f1cde2aa968711bdc04070adab38133
sPY6TjCCtqV4ttk,575cd46860c4048cf22602fbe98a0bc2
xILsT7gyQ36fr_T,05ba0a236b88f1fc7b208a591f411e73
3O6jjX9ceJmBKqQ,f7a6428c24c724255d157a8890f1864b
9BGZrdgu_YkZDcU,23a627bb9de19b256b3d4c459a2f1667
9BGZrdgu_YkZDcU,d170f4c3a9d12712b3aa1e6396bb1843
AdkFtG9QegJbtwC,fe8e9651d2129e02a4a49242b4e716e2
OPUGAiKmQvB6sgw,2bf10ca7843e85a3dc22cd2c6365d5a5
WT1v9cSzJdyEKit,0bb0296c996b476e558bc59af9f3457d
iUkz-LORDrBmZy2,839e2ae04fe2aa571b74207f18d4b58f
KDufCyuMuDLukD_,e4a3c8c3c7ad99ef9c7fa0d42854550b
KVHq9LcUhOSZbUP,4b7ce5673b9e2de29268a1e00097629c
NXw-gG6JbgzIXJ8,0fd92854708b186e25914880709a1630
SliDg1lRCuCu6SC,c485ac3afff8343757b88aa0f358f819
mqtgxVCv0TMVvRc,dbc942c317db0880c1760418c0bb7b6b
nBgflrew-rmK8Ld,82d2937a69e1358d8a4fd72a34d07240
nFZEmwoRhVud1as,78fd6403df148598f2a3ca4151b196c5
wTBNynh17k31ACQ,b3fd100d8213543b2361208503dee4e5
JseIqgRah_VENl9,ad7760b3bfcdbe6cbef161b7ba9e43cc
QEerBG_8Uyl7tVo,abd696f1a7e2d9c9279cd762b4778f2e
V1OzYB5XZoQ1wR9,10ca1cbc75cd84fc2d8f03de60bb1a56
VCXzbL33T-Ilyt7,e3757a3c19ea797a812d2290bb0c957d
eI6WvV9tvYORicO,b8a0d94ba932581d411040930e8dbd4e
ndStkQ4eFXGmOEk,89aaa196046fbf738e42900781ad14d3
peXYdGYq5bTbU-w,5b101a9f7f3ccd61717b753b5fc36c4d
11iR8JwXGeCEexo,d51e0f3b678dfb92e9abe95a6e2790d7
G-MEd9T7slFtoge,0b62961c8925913dc4185916a3df8aa7
H1NuuvrWaHyXiJM,780e66b2a34c6bab449c1be9a088ef61
JFBfjP-Rpsg_hsy,7c430d739fe481f4632745e3dca1678f
VRDiGKkL4J-ZYfZ,a524def99a18f81ebdb83ba3d32dc51a
VxZ6d_FSLpOU9QL,bc62f37d5b2fb4f3ff14b6f0e2ca6946
W0aeLFwLGnFRnLY,31d78562ce78031db11d0d7474c6c228
XHK-LKE8bW7AwtL,bc546083d47490849bd68f24b2f4cd2a
aaRE58_eSbUWq8t,553a8ee5aa27c5e3305e7469d7fc57d8
hpXih67CEzAN089,8fe39e5635af82cedb25d49a64ce6e47
iRKYicMR40ME8Wa,abbf720d713e037b3addbdfcbbbf8de7
jKCNVIKG3cu4QDU,be51a2684ccda215276977cd190a2aea
lioK5Zn7MCMFLVd,859e969efea91083e14e0019a3bccf27
0pAIqu_GKSGBbR0,7188929ee6bdafa654fa0485629c9c70
BkwW9B9tD_E_lBi,c11fc1b06082be4582fd09efcc002fb2
LRPWj_X3QVINto7,7b0e6cd92ec73aad1a30e3405582039c
j52twz8_0y01Jrb,71c44d0392ea03ea533d1572503bd1b4
m1CG1uPDIyoBun1,ec5e6a1f90ccf890504318cb88cd6ce9
p9zak3lHShk0I3q,42d224108e85b2e3bbac3bde98456986
yzkg7Ldl0GkKS6i,0dd8701bae9ddaf334f6701a2a27aaf4
yzkg7Ldl0GkKS6i,0dd8701bae9ddaf334f6701a2a27aaf4
0rJ--Bo8HlPm1Li,624fedf78ec324c06f1e6bc01f6dc862
7J1ooTYjLnO-jB1,f4eac962c9b9b10b0aafc5b8e71b57f2
K7JubpIdhdYdrVm,108e559d227830e39fe5d967740862c7
OCSzT4L_nNtuDnG,5dd01af2d82342cc29bbc1e8ea3d5b8b
Q0j5P8CQ6vEg8DL,3095282d78101fb81b8e27349bc495d4
Rc4TTMOVHbFOmqf,97ac5842bf2e395ee62d3401a821e189
UbIwTWIPBdjc5CX,b20e147c1c5d42ecaad465660989348d
dbhl-GWVFFnnQgo,383b9379b36dd8e1d21326fcc026920f
fQpS4KU2MTzN21v,5cf31f8929bc8229cd6ceda05f91eac7
ni87rWnW4NSB2du,39a2fe9db07e685c452db5fddb5fa55a
0XKdZwphhmGaMCR,1504cf84092757714b001063b788086d
BirENths538e4Rw,cf07b574165c589a7ab3db0bfdfca7d6
GxB56yYtilTQN9P,1197332a81189768628257aec3815bb6
c1zLWS6VeoneaX3,0ee9d0bd22a1cf6d76db3d7a263a48ea
5GGTr4PDmJHY8Gz,a3f01ba16819db70c487dc0f219e094d
INnsLeM_bVe26wo,482f7f77bdf11bfaaf69a132399c8716
JXiwHAatS2K51x0,75f417c9f19c0ba72f2eeb5094a28ea5
Qta4-slCwaQIdO0,4ea140ebc49cec2c34c0607d4c377d1a
V8hJDckr7ho-HNc,ae98040ff6a2f5e2419b1f24c74ad8ae
jJO8hBbl1iabZ6Z,d8a39d01bf012bbffb44f0820584b997
jXOMdIAlQRiSe7I,99caaf20c09ab1d62f417b589c3017f8
xPWqXXH2qo9zIyw,15e551af538336239afa142ff4291900
0BKbo3mcFQ6gFVD,c63fa0994c2fd5b2c45b8d601c2c1b02
F4_rfsA0GBJa3_d,1d5d82c08ad6772c589f9136f5982e84
KqZg9bOew1uhuwV,e67a69042b766f60980c71f67ab267be
achBmnS2-g_mPQ2,2bc6313978e3388dc3828a3781cbf249
cn-JmL_CsGOX_Jh,f35bc2576aff51cca5abe98f3b09c18c
dXvloEo9MYdTq6x,cf35ff9084de49ea1c7e33df5f90989f
yR0LkAoKuOY8BbQ,28fb77de29398f59a85bedd53afe9e82
-0pVx7KfTOguOF5,7da50d0cbf1931c19b2b12424a6141a8
-_dj0Amr_AVG4Gj,8dc41d3bd41e5c5a5d98f04bd66d765a
9o9IQ8sa78U58ci,913598898abaa434336f58fbdb8c6876
FrEvngLfxXBUBWV,e8530c289b1d5f02c6517ef827c4ccf0
NFlkGPr8OeY41Y5,f9eb6d91b608e62c933be29d00dd3844
PfRUVXnbBtUS1VJ,aa425214ba346040d11a9173a1daa8ee
dIl4kQomZDJxqoM,5c0a67d600ac136f20cd43581df0d150
gFfItFB1zwbVQNW,e8d0a06aa605ee2aeb1a6093c0db4286
q_1ALeJ2dY4nLMa,283ac47385ffe4979f2eaf16acdd6f97
CV_Cuym5DG4pc7E,63505a17c0a5ed7c644accc762b65f35
i8vdqW_SNJfWr5Z,e984b3e6a0f29203b19e75a5a94818a3
-ylzBhoycKAFVXq,fdb5359c0a0fdabae2be2dc3c62e8372
K90sYoxk3e5hEO1,1c57e06fa937b30aa497caa172066c40
b8NxbHmt11GaVST,205ca43a9e516b18501a2f7ccc1f2127
jnlSeDvbXVcDbPW,96a4b9d5e043ed164fb4e1b3f20e87bc
pT2kwVzki8Zv5xc,9a6e77f305e696b02795e2d1e0e15554
ucqVon0vv8SCpXz,62437453b66955f09358c4a244d3ebbd
IfEy_Tt1fOC9F7D,cfc04426d1057c9c0a20fbfa7db6880b
NeFbE6qiWZpD8Um,66e5f67336700233e47101296ace365f
hjnHzHyRrYPkcwN,37e3b5f648edbaee7949fb5724f7f8eb
hjnHzHyRrYPkcwN,37e3b5f648edbaee7949fb5724f7f8eb
0PENVcUOBV1KBnh,c0c1d4fb7f6ed45b8c478efeb4f6a758
KUAZn-JF-PbJIxN,cf90eec2c9e23d0ad9f40629ac34348b
NxzeR75yWjiBXpX,7ad75540e643e64055bc20c5aedf972a
OnhxDLbYpVLkEcG,d6554f9962b7a28629da26d87b3d53e6
S73HHIZYkEBFN2Q,2f78c39c28667f13bdb43163976e781a
WcdEfppok_wXLir,bd885ac81c04cf7a6385c2dfccbf4a36
YMxEWi6IOLph_pr,8202ccb883d330d6cc5476975b1d2a4f
YMxEWi6IOLph_pr,c6cc0f65dbc49e994d94b37db44ffc23
i-CWNYKXlWUYmLD,ad91e1bd8d97a06961d508936dbeca8b
mu5T5Jk49N3SUa8,b9ea5a0471ccf679804f474adbce759b
wZ5kMFCabEqy_fH,fdaf0db013eba3ff2a0ed1eeff58f279
VipiKZWwsemd49h,e55f51bba6d20280a30352b745f7e41c
mFuu-Zyf4vZpjRz,4900237935519ea7aeaba1c81d2600b5
mOAme9Nny8tl5Ah,8803804114553c96d29a45daad8af82d
-K4vN5NGmkwmkjk,d17aaa19facd9473346b1f174e8948c3
-K4vN5NGmkwmkjk,0770a9091ff6b5aec30744adb7535285
90GjwhWPmBn9LGC,494d6b774a58b9ec83a4c0f78ba4077b
Iam32OIrEF-i1lL,9d18260e74cf344771f7784e5cbafc6c
wEVeFuz0mn8yDrr,21419f9f61c326cd6e5fc6aaab6117cb
Jqe4sebPB7SPkjx,290b6d04dfdbf73c84cba1819467c197
N39PfUrhN2gvHqz,bbfeda02f64e10bafe5df5297d0f5660
3kA-JNgqqrCWAW_,8c2644c017e25e22d90fc2fe16d4ffb4
895LwVhCGEGGLa3,c6db40e431cf4fbb8cee88f0cd89e883
IJ8W9RX7klIQMdz,63794be42532b4db934cf621c3bf1bc6
LmqT8h9nyWt1M8Q,491df759ab5aae0616e2a61c18b0602b
Q30NB3s3Hgg7PwE,0cfb554912bee8558d3a6f4b0793e557
RSFMNv_4ADoEgi2,55f6b2df73a57d10b0ff36e6d31d3036
kXb81qT2k1XWNYo,152debcbed907498162833e2942510ae
oweXpqoJ_LB131g,77fc04e7bce3b8baf44d0f02517edff2
p1pk-YO9UdE42yA,98e2df1e9ffb2612a9f025a78bf6ad87
sE2VdfwTR_nXugp,c7ca1e0bde891784d205d3fa99fad4cd
7adE5tHil_xd_gu,2974716056b6b44454da1f7deeb18435
7adE5tHil_xd_gu,e5dea396ab167f3062cef623f8dd431a
APjpIpLYbWovP1m,d6081ee0b7ca2d4c0426f40b9ce70888
UZFY1K8GQV_Bwbo,f146166afb2d226fedfa3133b38103b7
XEZaN6YA_Gtv_24,922a09149abc01c95a8925e27fe12444
dMCpG0XATqpznW7,82ca56273f43af7e57f921128ad768c9
dN6na-TPWrOmLqc,93e2d6135a3380767d6273018608ba8c
h_PnPP58KbEea16,9ad37983a1023b121ddae1c5ca4ef306
h_PnPP58KbEea16,9ad37983a1023b121ddae1c5ca4ef306
iUF3MVF3vbGyJTV,438c0429d9619c7efdbf3af1a45a9759
lhj-RbtdnwGtrEw,1967060b5587c323ecb0366f5729f4b7
nNepbMU9VLIFruo,ad4c09f11f180a26f625132cb0f3c64c
1LvO_cdn0uAJk4-,bb2ab2b695d02fdc57140368199ec221
1LvO_cdn0uAJk4-,bb2ab2b695d02fdc57140368199ec221
23q0JeIfHBOKbb2,e5311a87b8dbd35486c7d57c4a310a6c
P6CdHXTFChmBppG,5ce135abb8bad274005a997809062cdb
RGZ4qGmdEy9i4cO,3c4aa22b2dc1127a4c529d85530fba8d
UBpIhnD2z2b20lR,053c872281763a638971046e7db7d41c
ejNMvdvsjQwNN-x,f20fdd5e34ba7bc0c0b480185a466b72
mMkU6xMuOfSCW7c,c54bb6e7bfe1bb0f2be739bad67f4229
15uEGb8m17XCtIc,8a13f179e61a71a796e7c6d34788f08f
RxeuT5ipf-rHSbk,32371fe53bb5a4e55436752ef4215752
iv5dIOezZJnPIMb,76b74951b16dbee3edac2626c7ac961f
ry59tfwwr4cG2W9,8cd8a3fd720e4ad7845c9cfc1df32ab0
AVj1wvwQuFTxl5M,2822a5a0b56a41106140b7d31978f940
GzxhDk7LKIN9cgJ,a7cde60a97e17a7317cb0cec0e60dc6a
ICT84ZtXyw0Ugas,6a30e9b297420236051031bca028be50
Sxj3nEojX9s9aWk,599febd86536f9fab4d3ae5a94b13706
ZE3e4GiFZ42hFzk,db328636002f8e7867482c9136b6442e
j0LicvaFecrulhf,dfdde169d2430a7e765cc33948c3e4d4
tLAK7uFsMoTUyXe,0953de9fa7f8b609733ad99d5b8ddc7f
tU_qsJyXIFKbEtN,fdf4b2a4833c0a099d363a98fd11f5de
uO06YLlRF4RrwOM,2709a8bf8f975a09de7f5befd67dfdc4
7RcDEEJzehzBw61,590ce0c6fa5b69e2070f8934c5ac5625
AmuiOegJVj0Jq9F,43d201bdbddfabc3913c3f6c1f80bf76
DCVWmhA2okbRhor,8234d84dd1fe6affcbad364c531a6290
EY5bh1nM1SxBatk,401b9bdf300f35f5b3a1933b99e7180b
Qapb8GTAedqvlJc,92cd497318535f52c2442e2d9de998f3
R3dU0zHHhy0JPYk,2a9c41af55944b2991c316ba5f934173
TZxLfD_zAvulfIM,c4f6ce9dfe5fa9d0108cc24aa7a05af1
mvQ264raqJMWmKo,6ac9c2075f2ced76bd03ce395b043ec9
rsJGSpaBR-0CXiJ,6bacadaaf6afd330fd067a7b4d536397
slNNhLSD3cVid-U,7a0817397e195fb0c594bf67e0d33af0
usOJZUWtHIurfbR,ba87672964aac6f2f453810096e16fd1
yUe9_YBIk7Uq1at,4211f3eb1dd0ea431cc23a3f7fab8366
16dBy5XB8wE3l13,c4a8da59286249f05b1eceb67743ea32
LfLePsBw52hZRrn,8c26a8efd29d4f92bd91405b823c1a25
QV5L7iTh6sPRsDV,d189eb7aeaab5e10dd3ef5f5bae92d3d
QV5L7iTh6sPRsDV,1505eb95b42e9fcb862f06127f2095a4
VUFln-vtYVM5E2t,e9ec62a0635539c8fbe09a6a7746b01d
wKrOsHC6xZWDMmx,fbed2b38bcb51bed8c5e789c1e462c72
6BgWJEWQe5UPqxd,a18339139f53d816b7485cde31817456
MBTZ8V5WGD_XrBb,8798d85e21f6f3bdb45640d95c3789d3
Ng2Xov7iRKozSoa,0856061dd3d58a638fc8a259cb917ed7
xN3fYBVpUuQPiQx,bf7be987fd72736517df814bcd913397
5j740LZzogl2Yjs,598a803af62ed686984058912cb5678c
OEtp7_lYDRPAhLP,053198a66fd4a1b349720a1e7611cb46
_rDPWd3h1a3tjE7,79df53a26473ad814354839b2ad927af
2jW_LuMgp9phQK9,015837933113ff78ad58484885ff3749
A1BjseY5yNB1A3G,aa1484999e31745271d1016a3e5e613f
D6chaHCPbDyWk5d,984b6086b7e7b962b4abd3d21a028d68
DOqR4NpNWRjoNWt,cca088f6ecba1461dd27c2ea81b91c6e
DOqR4NpNWRjoNWt,8b7cea6a35f65265a327a48d721b81db
DXiR5xIpdxEzqvt,4518e47776a894a767c20ba7cd6f1756
HJeCMgwRAkrDPMM,ce1747e45d6d80121a59cf20cd21d007
N6tRfvGExSK32Go,1f29bd4723eb07fe200572f30fc6f3f4
NL-x-3Fi1fwwGdK,9eca6e4c15c576d559b5f30e8f32e679
ZmZsifusX72e9RM,1dce947ecb63164c46921af6e96ad57d
nMvjF-5xndAMM_D,fab3a6048cad265f2dfd07c04d336fd0
rA3HS6ymZRR0QsZ,ae28a9b60a864d6c8689135ef1df7d00
xblnNUuriEXvSgY,64f8be3d607d0ce92f6bf8542236c28a
3Z9JwT4d-mnlH0c,c7492724f38efdcd36e763402ddffe0a
DbHSHYU0RDhtTUH,f8c93127c27c6509155f925d6c95cb3f
ICZuKTTgDZ9r5lG,05ad094761f1b390f3a78a3713eade1d
MpZd5aIwgb1uytq,ca88b1eba32cac865bd94edfb7e22b3e
NwrFk4yJ-jOjchD,f56aaadd4b2508d12549285c9cd507ab
wULBuGZpNTiX4yf,2191fadc59c448e0a446425ec2642515
xwQVjr4D4Cw0MGB,9dc27590e5a2dede49299ce63b5b4db3
36GjPtuCTBEFR0B,47b942ad46fd8522ead0df5eab6d401a
A18OL7SYNpHpmCe,42c73464fd416984338a9f8cfd74bebf
E4Co9Kex-lxvdeW,fbcc87419c96c3b17c3c62a93d7f9706
bcMcQRUTlEUyeZF,8d4b86ea197a87ba339e59db24e7824b
nf4Bw5qmFSe4Rp7,9c019252e9408aab07543ee8066e765e
ofah00XgutjevqK,6532d6e40a52f7e06dc6d2f8d2e3e0e4
uVw48hd-LV9EaTm,91e0be58af2b6c59444a17ee7d4cad37
vzV4u-aHDV5cXeC,3551fb0c4fc95216865b4b0afbf53d8e
CqVofVHmVBdITWZ,db22e031f38756a390542ecb1d9f1495
TcM93SdrCQC8ho1,22b78a4626fbe43a947d0c22cb71946d
UqRcGOcjzjNLAiL,800c025e12ee279d2d216def898154c2
VEmMAIyQnBu_zkP,793d947fd3314a9cbdea21a9768b8f9d
aok9VbjQw5rqM8E,9ef8b50beac2ad5e9d1f4656166cdb4c
cvTDRrKACvY-U4y,fd9d55c96dda04e2af20ae8622e763b9
wvCWtb8kbfjf1In,d463125ce6ba1c72f1ba3203657467b4
xJEw6MBF_v3bBy2,685fcf72ce957983b493e79e1fdc0b63
yHFRe-0CmN8nJaF,4e64aed108581059f7bd514436adb05c
Q6iznp_MVYbUPTS,8dd14ccfa5f1eab4c56254c97b9c6044
VvbPYTfdlBpQdpu,615bc97555a2f309a462ff3d5fec1f0c
XikTfIP7ZUAEDFX,6d96e3339dd163d191381ae61472d53d
3mGLGn8yuDh06rB,b0adb6dbf02e1d6ed5dab3ba51b806a9
3rDJF-1EMq1e-QL,17474c69facff3e823ae66ff8c843648
Ci-xjA-twe_oNW2,dc306efad962218920d0bf132c8b9e36
IcPb0IlSCOS3M07,3174c5cac6d1a6b083c1d49fb9cc348d
ObbI0dn2GZDmvgK,7b922d555b1970025445424829439d0a
U6t3ETSCuRGJChp,a3a71dd15a54fcdb4fc0dfc49a5a61a8
d2roNgwv3xpjLvH,5d1cf7b7f014f5d8d256bb2e565b1446
sAaoC6LE8JqakJ-,393d2de99af77f457e77b580e9382c29
tKxYMsl6LL6mlj9,60cddb8cd23ad34fdb80d9bda823cdec
FOVTmdsACSfPbBk,4b453031b3a8b53143f7f2d99143437a
QccU7mC4jCaInm0,8e7b96ee01c89ce1161059fbb7fce755
QvTZhxiwLLfcEMs,f3e760e30104385c98e851f3dbba22c6
ZgHQ4SbImwnhlsh,47defa379350d35f0156d07b7753b8e8
ixV_qTPyEkcG_CG,49d0ccf4eef9139880e2b4225bae0c7f
ixV_qTPyEkcG_CG,36b965fa148ff9dad6a085fbf36d5731
keexsX3mGKLUIg4,f40ac6cc5dc9355fa40e28b25ba9329e
m_2BVpcoXwQNMUe,b89d708d309441e248542192c4249cff
-aPPHeKS3dJDmX-,131b50c57e9f7be07858616483f829aa
RMb0_amQQAhOiVU,df9f6133c8b59de46cb9b9b1a8ce73bf
Vl7b_OHsomijuIu,eaaecab1faf21a9cda939fcb8823aa19
WD6lFghgmU6SPq3,77bde8a5fd2b46d0922b007b97b7c596
Y1LeYOvtl8JOwiB,5ca83ad28c8afb5e1a6e71eae403e3c7
t5TCCLfsDeKktqR,e1afaff6b63370508a5fdecde4425b94
2wRJa5N-AK-PPmA,b6296ea25aec05688623e0a6e2faaab9
7CvYpyNV8rehfzL,8155dcc9d937fd4775e62050119fadd2
8nX7JwUr-znUV7w,134b1939abc96fab7093f8cd73033a14
BkV-MQ8678IqhDn,df3ba0423b503b10cde3a65ed7a6edc3
lJ7fbb6ShMxCyO3,d429fb9b36114e9b2eadeddb2d2a37cb
uXlyAsN01XWEwJ_,03d5eaf7fb6eefa3108bedf40848313c
vETUn6kOwmBAoeJ,36e99c02bf9a74f90fe6d85afddf5036
1ZKwPAVNMBrbrpm,be66c5d76c65b77f00ec625e4c564ac5
D1UEX8Xx_NF6ee0,c53dee72983852da2e83245dae5b728e
WVIO6KOu--h6qoL,ddaf5edc3ba961b9c4a577894610d8ce
X_H2r6s3nFAXQob,4967658740a52051d452af6ee80c1ae3
aklCn6pPqrQfg1Q,fb664de608befabccfc806bd630bf11a
drDBM-VR6_YLcTm,dcc3ff4f3be5cfe03f042d6f200456e6
kDKi9i9D8TDNOx1,10d90e1d7f46c8d12d205cfaed10b294
1C0H7CmhXbOCqE8,0d9b3f7f2244c3daeeb959a629fc16f1
pbjOh5xWFgaareL,13b604ece1efc7c665d75e1949b8562a
CfO62PAW-2xY4Qk,e78cba59dc8b5ece3c5862a20d656369
K8Yzk_QH4nJTLDO,7c0167cbed065782a6685ffc329d0670
_RiQRHXxqTGstUc,9d6bbd0c018384991b45dd03f0e230e7
hFaG_iRNUMqj9rj,7447a0deec3f03e1eb49549cd0bf4510
j8SZ8HO7dtXvZLs,6abf5d39372e50ee205aa0026533dbfb
k89gtr3fgp19pne,7ec4fb10ada09e77c685c3ce4a05e182
vuBzVD0WBYv09WQ,c53988f1c60544ab7973f865ead3784a
CnbnoDeBEG0jXe-,b154269c5537900d9122cb8261c5f1f5
NCDeatnrlUTyfmQ,57cc3d7ab597c61ad8d761bf55fc7fb8
VbqqElXzBSC-W-e,da082326b7d1e8e4b59cc4bcd74df4f3
W3CEBiWb1HY6P8_,ffb0b71d65150893891ae29cde1fcbd7
XsuOLFp-qYD4bbk,3632016019e91cd6f65ee557a8938452
bpMfC-1lHPR-9Dq,7cdcb2003ea1a4d3b198375c561fd9c9
k0IVC20AnkJQa7k,e4a436f7090ae4270513f3eb28b2b38b
-Sczr8xOe-is_uR,31c23bd4aa708eea257c81a16c3946e2
-kZxWAJnDDx7BBa,122152d11f3b052e3f1ebcf1a72e1e5a
J342uLhO2z8NJ1J,4379cf468dab2a8a8270b4e995b1aeeb
LGmueln_c9RiRD2,77e6652a23b07ae0d7965dc8cef15329
dtX9K9SRQqQciTC,5ad4c2890914290cea0e20da4aabc51e
enc5KeZfuch3JmE,fde2dda95c850bec2ca6d85f89866436
gGfoYc-dxk-KG3k,0bcc19a2acc1fc71de5f61fedab8c6de
gGfoYc-dxk-KG3k,fb7528ebadbb49c7f37ffdbf2d3f7475
lUatgqfejWddZDH,042a1833e4c7bd470e56dc3a5de34090
s7dMtKl5F7JdkKH,27176e2e8da386ae35d7788ee4063304
vtU6UfcrsQALqv5,8652b48da4a41f7caf3137dd0b15c650
-X1Uq58lFTrw8nU,27c4741048e8131be245066ef81f4917
E1qUTTHE6e1Ps7T,0f9c5248725afc9e3d383687acb70d1f
fWdwgWBeaJ0g48x,ff2d69fcba7df420019306cbcfa1c67d
viGC73My5YuhtWr,0e6a004eed8d54d3853ad6d767977a0b
zSFR9BLn8jnnO84,3546d87115e1060e39772588d9a41d71
9wsHPX0PKo37YrV,4d7fe45a616733d20fd6f0bfbc380f04
K2oqiDYVgkegkIW,4fbed8eefc2b7379ee264c27430a3c69
QtxTtBY-jDM4__4,538337485fefbe0dca6a8356d3f905cf
TtmSRrPNnl_2ZLi,32a9553464d15d9b40ed454caddaa49a
_AUy0MmnAEHkLMb,c555c32378df6ccb86650a2d700e6c04
oadts1FuJ8SzKcJ,a5a82ead9d43388df02ea829097b5913
pJP_iQxOLzPJWjU,ad9dd632a9a6b0ed3b157688e91e139b
rw8wuLBcUi3Vm8p,6acbf4045b8176044e71bc92a154ce3d
wDJTbzMEx6rf2LY,bfd91032cb5f755dbe40c5e433f84c8c
yyh0Nsnmw9iWPsM,45d7281b2c374d57a5153edf70f3c8e2
6x6IhoktCth2gXx,2a05423219ade01e38b306c869bb589e
7CmEpNrw6k0rnqL,de9bd6bc396da10615c0624c0df58bc7
JCupIEAM-KRuFHn,afe7ad20e351236cd5b8b1d1e3e448f9
LxyahVHVwmzmI9d,a8d654404611fa9dc940b5bf310060b0
ZrLvzhfP9cavxZn,4494bccfec3a36a63b6cab991d63b118
d1sFh3vJYP9IFUx,6d67698393d35aedaede3373eed2ea30
dQ4VNHE7SHfgm1D,97a13b947adb15b3b82cafd664296a83
fBMAAna708PjXK_,5655aded125952048bf3640d30083533
mbp-37jzT7vap9P,adbd0d34c5db0bee865ed6f9aa840faa
Nbq8LrXqe71Yj-G,959e3a2c694100632cc0699b7e7753ec
QfSazbjCbY_fIJ3,7816bea51716ce0ea6b64c8c4b4e0365
S-odI4A22kSOdlT,9db32d72e351d58d936e09f6ec996e2b
YOk1J6iEKNy0ZTH,bfe6865c02d4eb9f7b7fbde859fc042c
a0EyCx-VZ-o3POo,550846f93b6e5bc3b7205e3680512cac
csCeFX1_B-ZGIRK,e19cbdf902e60f9d11be387f99ec3284
csCeFX1_B-ZGIRK,040897cb9f4276c404e5780bef58f719
fguYmDBZfxEoveO,4fe4ac4ad0cebbc2a2db2b23d127a325
mLVerHuf0fvw6dZ,1931dcb8e754f70877c2776af0cc1208
wWmgE4vf7HFsPOf,d748053b222f59ef8db6e6c3de05a2d0
1xLC59A4TLkl5cq,10266ec09ff784a4be1e14e0ff2b75e0
SeKww0Y-Qdl6vU-,f3df2ad2b3d3abac014731b9aa26cc08
eyIMDzX67s-dZSf,34029871f6113ea32455f7dff1fb8787
u_qTOCdpxzEDCRw,5e6498d9272ae7ca46f4f56c4e69878a
0tfaCgSgg_DNvfL,e3fde8842de515a5f90e0361e25f8054
B3ZCqrLTgP5W-Im,242dca23b9ee093c5fccd90b93885456
_5kCcgPP0vV1InC,c40ec566b2f520f99b89bf8fd46d88b9
hvhn7VjJm_1sX4z,657ead7c21324ee96fadb60c583feee1
viUiDqTiQM4ci7u,cae382ed1bd01cb46cbe345d5aa1e69c
8Ti9kAy4zDuqgiI,a315796729bb0a8a0c8c7de5ad56c3d0
Q_pllq98OkSAFlJ,654ec2f55d69523783e701641c569e7c
RIfNgf-w4CHw835,dee8f11649143c90e5094943f6cc3041
V-inbRRrHerFn-p,bea7b123e7172993c9d15dc091e1b067
gUOIduLYM_H2dNh,632fb7da34f81c3cb832f2472d811640
jM8NgJPU2wXkdF7,35082a446a7130add2ae660d621c66b8
0U_xdhbYywHMpUR,d2261930555b5c10c4f14ac2cc9a873e
8S5ATcYE0J6hWlX,432a81b62ca88d429f010d2bb8a2cd71
bKyoCUJQLDK4ZOk,d4e6abb636141aca365eefbd89afe17e
U06eGGCeLWkaTKF,007f122fd3aee233436c4090d59c7d3b
VhkpMqSMGR1TCxF,6ea5889095b591c16c923748695dea8f
kgBN7WSq887T7w5,1fddb245661e9e16855d126265d0f048
wx3pG98CGhkTNqN,a529fbb6e81df9d54e9489295a5e10c5
59rutdhslZhiarI,3202605514b379fd433d5213c2d7907c
ZiQE3fBCRH0a04M,6c88b4d4a5e5d755b5fd63952c196c86
jAvXWXho8kPeNCi,84a963c8b21b20498442567bcdf2090e
mbsfP9N75eIbdaw,37dcb315f8e1b668d722ec0892bda799
5fBCtDEBFQYPQ1A,a9f43723e8ba683d7d38b7576c780565
Ej6fA-NSew75zRR,bab48bac305a682a24fa2be133f0a533
EzIpqlXUGDs-bmN,f63d91b130b2653d584923ceca5ccebd
bHBWLM8JrrpD_T_,c1ddc0f0b9c91f6b1eeed21833b02332
ewwEAO4PnTVkbd3,21c3886b6f77f36fab58881b64cdb498
iu09tMbJMWYretX,bee73bf3a7691627210bb42829af9310
0vPZLZ3VjdJ-mqG,2b0274c4c2c6c1c5b07d77a86b3f2d61
5GSYlwMCEXXsYv1,be29ba96adf5c8be733c92a4dcd62607
Lu7qoMo-xCYbupC,9c94cd04fd68d5884e25669438198f15
XSplabyw4J99ZU0,fe55e9e51a555fcfe12450ea28b39713
r61QDg1cAo7d8ot,4c13e54f1cce62a69b3fb78d51a50fd4
z_1oZFCaRy4dics,a362b97b3cd4f65aa15f985876c5a350
473maaGZCfP1kX7,766226990e14055d6c79aa71e70f5941
6r9K_5QlbJMtZka,56686d03299c1b1a1c6bc048f4af44f9
W1yzvlFRKHshI6n,9da6b59b29ab3c23029ec251b37550a0
WRTJfs7BjFwJ0PF,a0ddbff827c8c42bec5652bbb64d68af
kayLfh1k1V1TurL,564830f954e1da4d3a815ced4401fb68
rQOj_sdFMSm1s5N,394a1eda4742107cba572fc826304bba
6M4PWy5qtrpBXE9,4d27456a925633896124e7b8c6f7f25b
EGmHmR87GjVJepv,e9854b6a055ac3c03e49db825323ae27
K0EYvJuDmOh02lG,e55eb3c07c60106933f8a4612efe4e0c
K9znJzvU4W-R6B8,cd6c3ba34e5ebd3ef52de985c1560647
RyvrENTXn9g6p5j,5f3af940cf5523e9b5fdae22242b382f
diINTg4HnRJz5Sv,4744caae06564002bfbfdd5a0b8d98dc
i_oU_ahCTc8v97k,6b0ed51d38268d8e6f18590609992867
ouFP9MiQRRW4862,4642156cc438db0f1ffd50983c305a65
srjEXCHdnT5ecQH,b7817f09439dcb627f11d4466c849867
zXfUD9wC5zSRiH8,008a6f80d690b20653f35f3fcd3a9308
